{
    "1": {
        "accuracy": 0.8589835361488904,
        "confusion_matrix": [
            56,
            158,
            39,
            1144
        ],
        "dim": 200,
        "ep": 5,
        "fbeta_score": 0.36245954692556637,
        "loss": "ns",
        "lr": 0.1,
        "ngrams": 3,
        "precision": 0.5894736842105263,
        "recall": 0.2616822429906542,
        "ws": 5
    },
    "2": {
        "accuracy": 0.8489620615604867,
        "confusion_matrix": [
            73,
            141,
            70,
            1113
        ],
        "dim": 200,
        "ep": 5,
        "fbeta_score": 0.40896358543417366,
        "loss": "ns",
        "lr": 0.3,
        "ngrams": 3,
        "precision": 0.5104895104895105,
        "recall": 0.3411214953271028,
        "ws": 5
    },
    "3": {
        "accuracy": 0.8446671438797423,
        "confusion_matrix": [
            63,
            151,
            66,
            1117
        ],
        "dim": 200,
        "ep": 5,
        "fbeta_score": 0.36734693877551017,
        "loss": "ns",
        "lr": 0.5,
        "ngrams": 3,
        "precision": 0.4883720930232558,
        "recall": 0.29439252336448596,
        "ws": 5
    },
    "4": {
        "accuracy": 0.851109520400859,
        "confusion_matrix": [
            54,
            160,
            48,
            1135
        ],
        "dim": 200,
        "ep": 5,
        "fbeta_score": 0.34177215189873417,
        "loss": "ns",
        "lr": 0.1,
        "ngrams": 3,
        "precision": 0.5294117647058824,
        "recall": 0.2523364485981308,
        "ws": 5
    },
    "5": {
        "accuracy": 0.8468146027201146,
        "confusion_matrix": [
            62,
            152,
            62,
            1121
        ],
        "dim": 200,
        "ep": 5,
        "fbeta_score": 0.3668639053254438,
        "loss": "ns",
        "lr": 0.3,
        "ngrams": 3,
        "precision": 0.5,
        "recall": 0.2897196261682243,
        "ws": 5
    },
    "6": {
        "accuracy": 0.8525411596277738,
        "confusion_matrix": [
            85,
            129,
            77,
            1106
        ],
        "dim": 200,
        "ep": 5,
        "fbeta_score": 0.4521276595744681,
        "loss": "ns",
        "lr": 0.5,
        "ngrams": 3,
        "precision": 0.5246913580246914,
        "recall": 0.397196261682243,
        "ws": 5
    },
    "7": {
        "accuracy": 0.8525411596277738,
        "confusion_matrix": [
            48,
            166,
            40,
            1143
        ],
        "dim": 200,
        "ep": 5,
        "fbeta_score": 0.3178807947019867,
        "loss": "ns",
        "lr": 0.1,
        "ngrams": 3,
        "precision": 0.5454545454545454,
        "recall": 0.22429906542056074,
        "ws": 5
    },
    "8": {
        "accuracy": 0.851109520400859,
        "confusion_matrix": [
            54,
            160,
            48,
            1135
        ],
        "dim": 200,
        "ep": 5,
        "fbeta_score": 0.34177215189873417,
        "loss": "ns",
        "lr": 0.3,
        "ngrams": 3,
        "precision": 0.5294117647058824,
        "recall": 0.2523364485981308,
        "ws": 5
    },
    "9": {
        "accuracy": 0.8418038654259127,
        "confusion_matrix": [
            60,
            154,
            67,
            1116
        ],
        "dim": 200,
        "ep": 5,
        "fbeta_score": 0.3519061583577713,
        "loss": "ns",
        "lr": 0.5,
        "ngrams": 3,
        "precision": 0.47244094488188976,
        "recall": 0.2803738317757009,
        "ws": 5
    }
}