{
    "1": {
        "0precision": 0.5583333333333333,
        "accuracy": 0.8568360773085183,
        "confusion_matrix": [
            67,
            147,
            53,
            1130
        ],
        "dim": 100,
        "ep": 5,
        "fbeta_score": 0.40119760479041916,
        "loss": "hs",
        "lr": 0.1,
        "ngrams": 1,
        "recall": 0.3130841121495327,
        "ws": 5
    },
    "2": {
        "0precision": 0.5652173913043478,
        "accuracy": 0.8575518969219756,
        "confusion_matrix": [
            65,
            149,
            50,
            1133
        ],
        "dim": 100,
        "ep": 5,
        "fbeta_score": 0.39513677811550146,
        "loss": "hs",
        "lr": 0.1,
        "ngrams": 1,
        "recall": 0.3037383177570093,
        "ws": 10
    },
    "3": {
        "0precision": 0.5284552845528455,
        "accuracy": 0.8518253400143164,
        "confusion_matrix": [
            65,
            149,
            58,
            1125
        ],
        "dim": 200,
        "ep": 5,
        "fbeta_score": 0.3857566765578635,
        "loss": "ns",
        "lr": 0.08,
        "ngrams": 1,
        "recall": 0.3037383177570093,
        "ws": 10
    }
}