{
    "1": {
        "accuracy": 0.8525411596277738,
        "confusion_matrix": [
            52,
            162,
            44,
            1139
        ],
        "dim": 200,
        "ep": 5,
        "fbeta_score": 0.3354838709677419,
        "loss": "ns",
        "lr": 0.1,
        "ngrams": 3,
        "precision": 0.5416666666666666,
        "recall": 0.24299065420560748,
        "ws": 5
    },
    "2": {
        "accuracy": 0.8475304223335719,
        "confusion_matrix": [
            60,
            154,
            59,
            1124
        ],
        "dim": 200,
        "ep": 5,
        "fbeta_score": 0.3603603603603603,
        "loss": "ns",
        "lr": 0.3,
        "ngrams": 3,
        "precision": 0.5042016806722689,
        "recall": 0.2803738317757009,
        "ws": 5
    },
    "3": {
        "accuracy": 0.8446671438797423,
        "confusion_matrix": [
            64,
            150,
            67,
            1116
        ],
        "dim": 200,
        "ep": 5,
        "fbeta_score": 0.3710144927536232,
        "loss": "ns",
        "lr": 0.5,
        "ngrams": 3,
        "precision": 0.48854961832061067,
        "recall": 0.29906542056074764,
        "ws": 5
    },
    "4": {
        "accuracy": 0.8589835361488904,
        "confusion_matrix": [
            59,
            155,
            42,
            1141
        ],
        "dim": 200,
        "ep": 5,
        "fbeta_score": 0.3746031746031746,
        "loss": "ns",
        "lr": 0.1,
        "ngrams": 3,
        "precision": 0.5841584158415841,
        "recall": 0.2757009345794392,
        "ws": 5
    },
    "5": {
        "accuracy": 0.8568360773085183,
        "confusion_matrix": [
            67,
            147,
            53,
            1130
        ],
        "dim": 200,
        "ep": 5,
        "fbeta_score": 0.40119760479041916,
        "loss": "ns",
        "lr": 0.3,
        "ngrams": 3,
        "precision": 0.5583333333333333,
        "recall": 0.3130841121495327,
        "ws": 5
    },
    "6": {
        "accuracy": 0.8503937007874016,
        "confusion_matrix": [
            62,
            152,
            57,
            1126
        ],
        "dim": 200,
        "ep": 5,
        "fbeta_score": 0.37237237237237236,
        "loss": "ns",
        "lr": 0.5,
        "ngrams": 3,
        "precision": 0.5210084033613446,
        "recall": 0.2897196261682243,
        "ws": 5
    },
    "7": {
        "accuracy": 0.8539727988546886,
        "confusion_matrix": [
            60,
            154,
            50,
            1133
        ],
        "dim": 200,
        "ep": 5,
        "fbeta_score": 0.3703703703703703,
        "loss": "ns",
        "lr": 0.1,
        "ngrams": 3,
        "precision": 0.5454545454545454,
        "recall": 0.2803738317757009,
        "ws": 5
    }
}