{
    "1": {
        "accuracy": 84.6393588601959,
        "act": "sigmoid",
        "batch": 256,
        "confusion_matrix": [
            0,
            345,
            0,
            1901
        ],
        "drop": 0.1,
        "ep": 10,
        "fbeta_score": 0.0,
        "op": "SGD",
        "precision": 0.0,
        "recall": 0.0
    },
    "2": {
        "accuracy": 87.84505787536914,
        "act": "sigmoid",
        "batch": 256,
        "confusion_matrix": [
            172,
            173,
            100,
            1801
        ],
        "drop": 0.1,
        "ep": 10,
        "fbeta_score": 0.5575364667747164,
        "op": "RMSprop",
        "precision": 0.6323529411764706,
        "recall": 0.4985507246376812
    },
    "3": {
        "accuracy": 87.17720391276896,
        "act": "sigmoid",
        "batch": 256,
        "confusion_matrix": [
            194,
            151,
            137,
            1764
        ],
        "drop": 0.1,
        "ep": 10,
        "fbeta_score": 0.5739644970414202,
        "op": "Adam",
        "precision": 0.5861027190332326,
        "recall": 0.5623188405797102
    },
    "4": {
        "accuracy": 84.6393588601959,
        "act": "sigmoid",
        "batch": 256,
        "confusion_matrix": [
            0,
            345,
            0,
            1901
        ],
        "drop": 0.5,
        "ep": 10,
        "fbeta_score": 0.0,
        "op": "SGD",
        "precision": 0.0,
        "recall": 0.0
    },
    "5": {
        "accuracy": 87.44434549780902,
        "act": "sigmoid",
        "batch": 256,
        "confusion_matrix": [
            131,
            214,
            68,
            1833
        ],
        "drop": 0.5,
        "ep": 10,
        "fbeta_score": 0.48161764705882354,
        "op": "RMSprop",
        "precision": 0.6582914572864321,
        "recall": 0.37971014492753624
    },
    "6": {
        "accuracy": 88.02315226539584,
        "act": "sigmoid",
        "batch": 256,
        "confusion_matrix": [
            188,
            157,
            112,
            1789
        ],
        "drop": 0.5,
        "ep": 10,
        "fbeta_score": 0.5829457364341086,
        "op": "Adam",
        "precision": 0.6266666666666667,
        "recall": 0.5449275362318841
    },
    "7": {
        "accuracy": 84.6393588601959,
        "act": "hard_sigmoid",
        "batch": 256,
        "confusion_matrix": [
            0,
            345,
            0,
            1901
        ],
        "drop": 0.1,
        "ep": 10,
        "fbeta_score": 0.0,
        "op": "SGD",
        "precision": 0.0,
        "recall": 0.0
    },
    "8": {
        "accuracy": 72.97417631875375,
        "act": "hard_sigmoid",
        "batch": 256,
        "confusion_matrix": [
            262,
            83,
            524,
            1377
        ],
        "drop": 0.1,
        "ep": 10,
        "fbeta_score": 0.4633068081343943,
        "op": "RMSprop",
        "precision": 0.3333333333333333,
        "recall": 0.7594202898550725
    },
    "9": {
        "accuracy": 86.15316117542298,
        "act": "hard_sigmoid",
        "batch": 256,
        "confusion_matrix": [
            206,
            139,
            172,
            1729
        ],
        "drop": 0.1,
        "ep": 10,
        "fbeta_score": 0.5698478561549102,
        "op": "Adam",
        "precision": 0.544973544973545,
        "recall": 0.5971014492753624
    },
    "10": {
        "accuracy": 84.6393588601959,
        "act": "hard_sigmoid",
        "batch": 256,
        "confusion_matrix": [
            0,
            345,
            0,
            1901
        ],
        "drop": 0.5,
        "ep": 10,
        "fbeta_score": 0.0,
        "op": "SGD",
        "precision": 0.0,
        "recall": 0.0
    },
    "11": {
        "accuracy": 87.80053428317008,
        "act": "hard_sigmoid",
        "batch": 256,
        "confusion_matrix": [
            126,
            219,
            55,
            1846
        ],
        "drop": 0.5,
        "ep": 10,
        "fbeta_score": 0.47908745247148293,
        "op": "RMSprop",
        "precision": 0.6961325966850829,
        "recall": 0.3652173913043478
    },
    "12": {
        "accuracy": 86.91006233834415,
        "act": "hard_sigmoid",
        "batch": 256,
        "confusion_matrix": [
            178,
            167,
            127,
            1774
        ],
        "drop": 0.5,
        "ep": 10,
        "fbeta_score": 0.5476923076923078,
        "op": "Adam",
        "precision": 0.5836065573770491,
        "recall": 0.5159420289855072
    },
    "13": {
        "accuracy": 84.6393588601959,
        "act": "softmax",
        "batch": 256,
        "confusion_matrix": [
            0,
            345,
            0,
            1901
        ],
        "drop": 0.1,
        "ep": 10,
        "fbeta_score": 0.0,
        "op": "SGD",
        "precision": 0.0,
        "recall": 0.0
    },
    "14": {
        "accuracy": 86.06411397510199,
        "act": "softmax",
        "batch": 256,
        "confusion_matrix": [
            180,
            165,
            148,
            1753
        ],
        "drop": 0.1,
        "ep": 10,
        "fbeta_score": 0.5349182763744428,
        "op": "RMSprop",
        "precision": 0.5487804878048781,
        "recall": 0.5217391304347826
    },
    "15": {
        "accuracy": 87.57791629032906,
        "act": "softmax",
        "batch": 256,
        "confusion_matrix": [
            195,
            150,
            129,
            1772
        ],
        "drop": 0.1,
        "ep": 10,
        "fbeta_score": 0.5829596412556053,
        "op": "Adam",
        "precision": 0.6018518518518519,
        "recall": 0.5652173913043478
    },
    "16": {
        "accuracy": 84.6393588601959,
        "act": "softmax",
        "batch": 256,
        "confusion_matrix": [
            0,
            345,
            0,
            1901
        ],
        "drop": 0.5,
        "ep": 10,
        "fbeta_score": 0.0,
        "op": "SGD",
        "precision": 0.0,
        "recall": 0.0
    },
    "17": {
        "accuracy": 83.30365094030317,
        "act": "softmax",
        "batch": 256,
        "confusion_matrix": [
            197,
            148,
            227,
            1674
        ],
        "drop": 0.5,
        "ep": 10,
        "fbeta_score": 0.5123537061118336,
        "op": "RMSprop",
        "precision": 0.46462264150943394,
        "recall": 0.5710144927536231
    },
    "18": {
        "accuracy": 88.29029385043592,
        "act": "softmax",
        "batch": 256,
        "confusion_matrix": [
            185,
            160,
            103,
            1798
        ],
        "drop": 0.5,
        "ep": 10,
        "fbeta_score": 0.584518167456556,
        "op": "Adam",
        "precision": 0.6423611111111112,
        "recall": 0.5362318840579711
    },
    "19": {
        "accuracy": 84.6393588601959,
        "act": "sigmoid",
        "batch": 256,
        "confusion_matrix": [
            0,
            345,
            0,
            1901
        ],
        "drop": 0.1,
        "ep": 100,
        "fbeta_score": 0.0,
        "op": "SGD",
        "precision": 0.0,
        "recall": 0.0
    },
    "20": {
        "accuracy": 84.81745325022261,
        "act": "sigmoid",
        "batch": 256,
        "confusion_matrix": [
            212,
            133,
            208,
            1693
        ],
        "drop": 0.1,
        "ep": 100,
        "fbeta_score": 0.5542483660130719,
        "op": "RMSprop",
        "precision": 0.5047619047619047,
        "recall": 0.6144927536231884
    },
    "21": {
        "accuracy": 86.24220837043633,
        "act": "sigmoid",
        "batch": 256,
        "confusion_matrix": [
            221,
            124,
            185,
            1716
        ],
        "drop": 0.1,
        "ep": 100,
        "fbeta_score": 0.588548601864181,
        "op": "Adam",
        "precision": 0.5443349753694581,