{
    "1": {
        "accuracy": 84.6393588601959,
        "act": "sigmoid",
        "batch": 256,
        "confusion_matrix": [
            0,
            345,
            0,
            1901
        ],
        "drop": 0.1,
        "ep": 10,
        "fbeta_score": 0.0,
        "op": "SGD",
        "precision": 0.0,
        "recall": 0.0
    },
    "2": {
        "accuracy": 86.77649153520885,
        "act": "sigmoid",
        "batch": 256,
        "confusion_matrix": [
            195,
            150,
            147,
            1754
        ],
        "drop": 0.1,
        "ep": 10,
        "fbeta_score": 0.5676855895196505,
        "op": "RMSprop",
        "precision": 0.5701754385964912,
        "recall": 0.5652173913043478
    },
    "3": {
        "accuracy": 88.3348174479426,
        "act": "sigmoid",
        "batch": 256,
        "confusion_matrix": [
            195,
            150,
            112,
            1789
        ],
        "drop": 0.1,
        "ep": 10,
        "fbeta_score": 0.598159509202454,
        "op": "Adam",
        "precision": 0.6351791530944625,
        "recall": 0.5652173913043478
    },
    "4": {
        "accuracy": 84.6393588601959,
        "act": "sigmoid",
        "batch": 256,
        "confusion_matrix": [
            0,
            345,
            0,
            1901
        ],
        "drop": 0.5,
        "ep": 10,
        "fbeta_score": 0.0,
        "op": "SGD",
        "precision": 0.0,
        "recall": 0.0
    },
    "5": {
        "accuracy": 87.84505787536914,
        "act": "sigmoid",
        "batch": 256,
        "confusion_matrix": [
            123,
            222,
            51,
            1850
        ],
        "drop": 0.5,
        "ep": 10,
        "fbeta_score": 0.4739884393063584,
        "op": "RMSprop",
        "precision": 0.7068965517241379,
        "recall": 0.3565217391304348
    },
    "6": {
        "accuracy": 88.42386464295595,
        "act": "sigmoid",
        "batch": 256,
        "confusion_matrix": [
            183,
            162,
            98,
            1803
        ],
        "drop": 0.5,
        "ep": 10,
        "fbeta_score": 0.5846645367412141,
        "op": "Adam",
        "precision": 0.6512455516014235,
        "recall": 0.5304347826086957
    },
    "7": {
        "accuracy": 84.6393588601959,
        "act": "hard_sigmoid",
        "batch": 256,
        "confusion_matrix": [
            0,
            345,
            0,
            1901
        ],
        "drop": 0.1,
        "ep": 10,
        "fbeta_score": 0.0,
        "op": "SGD",
        "precision": 0.0,
        "recall": 0.0
    },
    "8": {
        "accuracy": 84.6393588601959,
        "act": "hard_sigmoid",
        "batch": 256,
        "confusion_matrix": [
            0,
            345,
            0,
            1901
        ],
        "drop": 0.1,
        "ep": 10,
        "fbeta_score": 0.0,
        "op": "RMSprop",
        "precision": 0.0,
        "recall": 0.0
    },
    "9": {
        "accuracy": 87.31077470528899,
        "act": "hard_sigmoid",
        "batch": 256,
        "confusion_matrix": [
            163,
            182,
            103,
            1798
        ],
        "drop": 0.1,
        "ep": 10,
        "fbeta_score": 0.5335515548281506,
        "op": "Adam",
        "precision": 0.6127819548872181,
        "recall": 0.47246376811594204
    },
    "10": {
        "accuracy": 84.6393588601959,
        "act": "hard_sigmoid",
        "batch": 256,
        "confusion_matrix": [
            0,
            345,
            0,
            1901
        ],
        "drop": 0.5,
        "ep": 10,
        "fbeta_score": 0.0,
        "op": "SGD",
        "precision": 0.0,
        "recall": 0.0
    },
    "11": {
        "accuracy": 84.6393588601959,
        "act": "hard_sigmoid",
        "batch": 256,
        "confusion_matrix": [
            0,
            345,
            0,
            1901
        ],
        "drop": 0.5,
        "ep": 10,
        "fbeta_score": 0.0,
        "op": "RMSprop",
        "precision": 0.0,
        "recall": 0.0
    },
    "12": {
        "accuracy": 85.97506678539627,
        "act": "hard_sigmoid",
        "batch": 256,
        "confusion_matrix": [
            41,
            304,
            11,
            1890
        ],
        "drop": 0.5,
        "ep": 10,
        "fbeta_score": 0.20654911838790932,
        "op": "Adam",
        "precision": 0.7884615384615384,
        "recall": 0.11884057971014493
    },
    "13": {
        "accuracy": 84.6393588601959,
        "act": "softmax",
        "batch": 256,
        "confusion_matrix": [
            0,
            345,
            0,
            1901
        ],
        "drop": 0.1,
        "ep": 10,
        "fbeta_score": 0.0,
        "op": "SGD",
        "precision": 0.0,
        "recall": 0.0
    },
    "14": {
        "accuracy": 86.77649153520885,
        "act": "softmax",
        "batch": 256,
        "confusion_matrix": [
            169,
            176,
            121,
            1780
        ],
        "drop": 0.1,
        "ep": 10,
        "fbeta_score": 0.5322834645669292,
        "op": "RMSprop",
        "precision": 0.5827586206896552,
        "recall": 0.48985507246376814
    },
    "15": {
        "accuracy": 86.95458592523556,
        "act": "softmax",
        "batch": 256,
        "confusion_matrix": [
            176,
            169,
            124,
            1777
        ],
        "drop": 0.1,
        "ep": 10,
        "fbeta_score": 0.545736434108527,
        "op": "Adam",
        "precision": 0.5866666666666667,
        "recall": 0.5101449275362319
    },
    "16": {
        "accuracy": 84.6393588601959,
        "act": "softmax",
        "batch": 256,
        "confusion_matrix": [
            0,
            345,
            0,
            1901
        ],
        "drop": 0.5,
        "ep": 10,
        "fbeta_score": 0.0,
        "op": "SGD",
        "precision": 0.0,
        "recall": 0.0
    },
    "17": {
        "accuracy": 86.5538735582907,
        "act": "softmax",
        "batch": 256,
        "confusion_matrix": [
            175,
            170,
            132,
            1769
        ],
        "drop": 0.5,
        "ep": 10,
        "fbeta_score": 0.5368098159509203,
        "op": "RMSprop",
        "precision": 0.5700325732899023,
        "recall": 0.5072463768115942
    },
    "18": {
        "accuracy": 88.20124665542257,
        "act": "softmax",
        "batch": 256,
        "confusion_matrix": [
            195,
            150,
            115,
            1786
        ],
        "drop": 0.5,
        "ep": 10,
        "fbeta_score": 0.5954198473282443,
        "op": "Adam",
        "precision": 0.6290322580645161,
        "recall": 0.5652173913043478
    },
    "19": {
        "accuracy": 84.6393588601959,
        "act": "sigmoid",
        "batch": 256,
        "confusion_matrix": [
            0,
            345,
            0,
            1901
        ],
        "drop": 0.1,
        "ep": 100,
        "fbeta_score": 0.0,
        "op": "SGD",
        "precision": 0.0,
        "recall": 0.0
    },
    "20": {
        "accuracy": 85.3517364256104,
        "act": "sigmoid",
        "batch": 256,
        "confusion_matrix": [
            209,
            136,
            193,
            1708
        ],
        "drop": 0.1,
        "ep": 100,
        "fbeta_score": 0.5595716198125836,
        "op": "RMSprop",
        "precision": 0.5199004975124378,
        "recall": 0.6057971014492753
    },
    "21": {
        "accuracy": 86.37577915764874,
        "act": "sigmoid",
        "batch": 256,
        "confusion_matrix": [
            214,
            131,
            175,
            1726
        ],
        "drop": 0.1,
        "ep": 100,
        "fbeta_score": 0.5831062670299727,
        "op": "Adam",
        "precision": 0.5501285347043702,
        "recall": 0.6202898550724638
    },
    "22": {
        "accuracy": 84.6393588601959,
        "act": "sigmoid",